[{"name": "\u5546\u4e18\u5e02\u5b81\u9675\u53bf\u5b54\u96c6\u4e61\u5b8b\u80e1\u540c\u6751", "value": [115.41057264912504, 34.591713998127126], "release_date": "", "source": "\u5546\u4e18\u53d1\u5e03", "url": "https://mp.weixin.qq.com/s/LrZPg2FmFnNVGdyWbCKxTQ"}, {"name": "\u5546\u4e18\u5e02\u5b81\u9675\u53bf\u534e\u5821\u9547\u6e29\u5e99\u6751", "value": [115.26503033826484, 34.31488333075655], "release_date": "", "source": "\u5546\u4e18\u53d1\u5e03", "url": "https://mp.weixin.qq.com/s/LrZPg2FmFnNVGdyWbCKxTQ"}, {"name": "\u5546\u4e18\u5e02\u5b81\u9675\u53bf\u77f3\u6865\u9547\u738b\u5761\u697c\u6751", "value": [115.3229908968816, 34.51058920717738], "release_date": "", "source": "\u5546\u4e18\u53d1\u5e03", "url": "https://mp.weixin.qq.com/s/LrZPg2FmFnNVGdyWbCKxTQ"}, {"name": "\u5546\u4e18\u5e02\u5b81\u9675\u53bf\u5218\u697c\u4e61\u80e1\u5e97\u6751", "value": [115.28410734215271, 34.39899764280915], "release_date": "", "source": "\u5546\u4e18\u53d1\u5e03", "url": "https://mp.weixin.qq.com/s/F7i_b6sBbXZgqQwbqQ7lkA"}, {"name": "\u5546\u4e18\u5e02\u5b81\u9675\u53bf\u57ce\u90ca\u4e61\u90ed\u82f1\u6751", "value": [115.28002006770174, 34.47597185046608], "release_date": "", "source": "\u5546\u4e18\u53d1\u5e03", "url": "https://mp.weixin.qq.com/s/F7i_b6sBbXZgqQwbqQ7lkA"}, {"name": "\u5546\u4e18\u5e02\u5b81\u9675\u53bf\u5b54\u96c6\u4e61\u5b8b\u80e1\u6d1e\u4e1c\u6751", "value": [115.4106412488396, 34.59152117579072], "release_date": "", "source": "\u5546\u4e18\u53d1\u5e03", "url": "https://mp.weixin.qq.com/s/F7i_b6sBbXZgqQwbqQ7lkA"}, {"name": "\u5546\u4e18\u5e02\u5b81\u9675\u53bf\u5b54\u96c6\u4e61\u738b\u6865\u6751", "value": [115.43271786541828, 34.57025403807328], "release_date": "20200216", "source": "\u5546\u4e18\u53d1\u5e03", "url": "https://mp.weixin.qq.com/s/WG9ZH5jw3xgiRd2T6H4ByA"}, {"name": "\u5546\u4e18\u5e02\u865e\u57ce\u53bf\u674e\u8001\u5bb6\u4e61\u9ad8\u5e84\u6751", "value": [115.83578231411155, 34.45560489533679], "release_date": "", "source": "\u5546\u4e18\u53d1\u5e03", "url": "https://mp.weixin.qq.com/s/LrZPg2FmFnNVGdyWbCKxTQ"}, {"name": "\u5546\u4e18\u5e02\u865e\u57ce\u53bf\u57ce\u5173\u9547\u6728\u5170\u5927\u9053\u6728\u5170\u5c0f\u533a", "value": [115.85328557625571, 34.398189713668344], "release_date": "", "source": "\u5546\u4e18\u53d1\u5e03", "url": "https://mp.weixin.qq.com/s/LrZPg2FmFnNVGdyWbCKxTQ"}, {"name": "\u5546\u4e18\u5e02\u865e\u57ce\u53bf\u5e97\u96c6\u4e61\u9b4f\u697c\u6751", "value": [115.73680498935498, 34.21236838190969], "release_date": "", "source": "\u5546\u4e18\u53d1\u5e03", "url": "https://mp.weixin.qq.com/s/LrZPg2FmFnNVGdyWbCKxTQ"}, {"name": "\u5546\u4e18\u5e02\u865e\u57ce\u53bf\u674e\u8001\u5bb6\u4e61", "value": [115.87778315703385, 34.47859688210745], "release_date": "20200215", "source": "\u5546\u4e18\u53d1\u5e03", "url": "https://weibo.com/1644729004/Iuhttxe5L?from=page_1002061644729004_profile&wvr=6&mod=weibotime&type=comment#_rnd1581735640807"}, {"name": "\u5546\u4e18\u5e02\u6881\u56ed\u533a\u674e\u5e84\u4e61\u6f58\u53e3\u5357\u8857\u6751", "value": [115.59824323309005, 34.52735210021721], "release_date": "", "source": "\u5546\u4e18\u53d1\u5e03", "url": "https://mp.weixin.qq.com/s/LrZPg2FmFnNVGdyWbCKxTQ"}, {"name": "\u5546\u4e18\u5e02\u6881\u56ed\u533a\u4e1c\u98ce\u8857\u9053\u8c6b\u7acb\u9996\u5e9c", "value": [115.67630656296834, 34.45109094056188], "release_date": "", "source": "\u5546\u4e18\u53d1\u5e03", "url": "https://mp.weixin.qq.com/s/LrZPg2FmFnNVGdyWbCKxTQ"}, {"name": "\u5546\u4e18\u5e02\u6881\u56ed\u533a\u5218\u53e3\u4e61\u4e2d\u9648\u6751", "value": [115.73543095900718, 34.58546546035867], "release_date": "", "source": "\u5546\u4e18\u53d1\u5e03", "url": "https://mp.weixin.qq.com/s/LrZPg2FmFnNVGdyWbCKxTQ"}, {"name": "\u5546\u4e18\u5e02\u6881\u56ed\u533a\u5218\u53e3\u4e61\u4e2d\u9648\u6751\u738b\u5e84", "value": [115.74272153140572, 34.5636503238213], "release_date": "", "source": "\u5546\u4e18\u53d1\u5e03", "url": "https://mp.weixin.qq.com/s/LrZPg2FmFnNVGdyWbCKxTQ"}, {"name": "\u5546\u4e18\u5e02\u6881\u56ed\u533a\u524d\u8fdb\u8857\u9053\u4e00\u5efa\u516c\u53f8\u5bb6\u5c5e\u9662", "value": [115.65502840609926, 34.43714976101515], "release_date": "", "source": "\u5546\u4e18\u53d1\u5e03", "url": "https://mp.weixin.qq.com/s/LrZPg2FmFnNVGdyWbCKxTQ"}, {"name": "\u5546\u4e18\u5e02\u6881\u56ed\u533a\u5b59\u4ed8\u96c6\u4e61\u5f20\u5e84\u6751", "value": [115.51404380569242, 34.58614441312224], "release_date": "", "source": "\u5546\u4e18\u53d1\u5e03", "url": "https://mp.weixin.qq.com/s/LrZPg2FmFnNVGdyWbCKxTQ"}, {"name": "\u5546\u4e18\u5e02\u6881\u56ed\u533a\u5e73\u539f\u8857\u9053\u6606\u4ed1\u8def\u516b\u4e00\u65b0\u82d1", "value": [115.61920565458372, 34.43851466544924], "release_date": "", "source": "\u5546\u4e18\u53d1\u5e03", "url": "https://mp.weixin.qq.com/s/LrZPg2FmFnNVGdyWbCKxTQ"}, {"name": "\u5546\u4e18\u5e02\u6881\u56ed\u533a\u6c88\u5e84", "value": [115.53676274510833, 34.37163945153528], "release_date": "", "source": "\u5546\u4e18\u53d1\u5e03", "url": "https://mp.weixin.qq.com/s/LrZPg2FmFnNVGdyWbCKxTQ"}, {"name": "\u5546\u4e18\u5e02\u6881\u56ed\u533a\u767d\u4e91\u529e\u4e8b\u5904\u53f6\u5e84\u5357\u65b0\u6751", "value": [115.6716587401266, 34.441916105620955], "release_date": "", "source": "\u5546\u4e18\u53d1\u5e03", "url": "https://mp.weixin.qq.com/s/LrZPg2FmFnNVGdyWbCKxTQ"}, {"name": "\u5546\u4e18\u5e02\u6881\u56ed\u533a\u767d\u4e91\u8857\u9053\u9152\u5382\u8def\u53f6\u5e84\u6751", "value": [115.67339614461306, 34.44563121643598], "release_date": "", "source": "\u5546\u4e18\u53d1\u5e03", "url": "https://mp.weixin.qq.com/s/LrZPg2FmFnNVGdyWbCKxTQ"}, {"name": "\u5546\u4e18\u5e02\u6881\u56ed\u533a\u674e\u5e84\u4e61", "value": [115.59824323309005, 34.52735210021721], "release_date": "20200215", "source": "\u5546\u4e18\u53d1\u5e03", "url": "https://weibo.com/1644729004/Iuhttxe5L?from=page_1002061644729004_profile&wvr=6&mod=weibotime&type=comment#_rnd1581735640807"}, {"name": "\u5546\u4e18\u5e02\u7762\u53bf\u5c24\u5409\u5c6f\u4e61\u6f58\u5e84\u6751", "value": [115.15287318067931, 34.443073279100894], "release_date": "", "source": "\u5546\u4e18\u53d1\u5e03", "url": "https://mp.weixin.qq.com/s/LrZPg2FmFnNVGdyWbCKxTQ"}, {"name": "\u5546\u4e18\u5e02\u590f\u9091\u53bf\u4f1a\u4ead\u9547\u675c\u5e84", "value": [116.08764184865086, 34.10432491121449], "release_date": "", "source": "\u5546\u4e18\u53d1\u5e03", "url": "https://mp.weixin.qq.com/s/LrZPg2FmFnNVGdyWbCKxTQ"}, {"name": "\u5546\u4e18\u5e02\u590f\u9091\u53bf\u57ce\u5173\u4e00\u73af\u8def\u9a86\u96c6\u8def\u53e3", "value": [116.15508122024457, 34.24684351877181], "release_date": "", "source": "\u5546\u4e18\u53d1\u5e03", "url": "https://mp.weixin.qq.com/s/LrZPg2FmFnNVGdyWbCKxTQ"}, {"name": "\u5546\u4e18\u5e02\u590f\u9091\u53bf\u57ce\u5173\u9547\u95eb\u5218\u5e84\u6751", "value": [116.13851908498494, 34.239452181920434], "release_date": "", "source": "\u5546\u4e18\u53d1\u5e03", "url": "https://mp.weixin.qq.com/s/LrZPg2FmFnNVGdyWbCKxTQ"}, {"name": "\u5546\u4e18\u5e02\u590f\u9091\u53bf\u66f9\u96c6\u4e61\u8bb8\u5e84", "value": [116.1929574495382, 34.22221642966081], "release_date": "", "source": "\u5546\u4e18\u53d1\u5e03", "url": "https://mp.weixin.qq.com/s/LrZPg2FmFnNVGdyWbCKxTQ"}, {"name": "\u5546\u4e18\u5e02\u590f\u9091\u53bf\u6768\u96c6\u9ad8\u5e84", "value": [116.0020497828011, 34.038066959856295], "release_date": "", "source": "\u5546\u4e18\u53d1\u5e03", "url": "https://mp.weixin.qq.com/s/LrZPg2FmFnNVGdyWbCKxTQ"}, {"name": "\u5546\u4e18\u5e02\u590f\u9091\u53bf\u7f57\u5e84\u4e61\u674e\u8425\u6751\u5468\u697c", "value": [115.98728497111998, 34.1274068797575], "release_date": "", "source": "\u5546\u4e18\u53d1\u5e03", "url": "https://mp.weixin.qq.com/s/LrZPg2FmFnNVGdyWbCKxTQ"}, {"name": "\u5546\u4e18\u5e02\u590f\u9091\u53bf\u8f66\u7ad9\u9547\u826f\u79cd\u5382\u6751", "value": [116.01896464051883, 34.41281976762792], "release_date": "", "source": "\u5546\u4e18\u53d1\u5e03", "url": "https://mp.weixin.qq.com/s/LrZPg2FmFnNVGdyWbCKxTQ"}, {"name": "\u5546\u4e18\u5e02\u590f\u9091\u53bf\u90ed\u5e97\u4e61\u91d1\u5e84\u6751", "value": [116.09011582712701, 34.14566218341313], "release_date": "", "source": "\u5546\u4e18\u53d1\u5e03", "url": "https://mp.weixin.qq.com/s/LrZPg2FmFnNVGdyWbCKxTQ"}, {"name": "\u5546\u4e18\u5e02\u590f\u9091\u53bf\u4f1a\u4ead\u9547", "value": [116.08764184865086, 34.10432491121449], "release_date": "", "source": "\u5546\u4e18\u53d1\u5e03", "url": "https://mp.weixin.qq.com/s/eI8-W8pC9NizNrFRRC6Ycw"}, {"name": "\u5546\u4e18\u5e02\u67d8\u57ce\u53bf\u53cc\u6cb3\u529e\u4e8b\u5904\u5434\u5e84", "value": [115.31187659816767, 34.09739329261278], "release_date": "", "source": "\u5546\u4e18\u53d1\u5e03", "url": "https://mp.weixin.qq.com/s/LrZPg2FmFnNVGdyWbCKxTQ"}, {"name": "\u5546\u4e18\u5e02\u67d8\u57ce\u53bf\u5b89\u5e73\u9547\u5f20\u5e97\u6751\u59d4\u5927\u53f2\u5e84", "value": [115.15744126673368, 34.009714931567], "release_date": "", "source": "\u5546\u4e18\u53d1\u5e03", "url": "https://mp.weixin.qq.com/s/LrZPg2FmFnNVGdyWbCKxTQ"}, {"name": "\u5546\u4e18\u5e02\u67d8\u57ce\u53bf\u5c97\u738b\u4e61\u5929\u95e8\u8d75\u6751", "value": [115.21313839874438, 34.10598832211787], "release_date": "", "source": "\u5546\u4e18\u53d1\u5e03", "url": "https://mp.weixin.qq.com/s/LrZPg2FmFnNVGdyWbCKxTQ"}, {"name": "\u5546\u4e18\u5e02\u67d8\u57ce\u53bf\u5f20\u6865\u9547\u5f20\u6865", "value": [115.29853521494609, 34.04284488675694], "release_date": "", "source": "\u5546\u4e18\u53d1\u5e03", "url": "https://mp.weixin.qq.com/s/LrZPg2FmFnNVGdyWbCKxTQ"}, {"name": "\u5546\u4e18\u5e02\u67d8\u57ce\u53bf\u6625\u6c34\u529e\u4e8b\u5904\u5fb7\u80b2\u5df7", "value": [115.32633150987203, 34.097753144786765], "release_date": "", "source": "\u5546\u4e18\u53d1\u5e03", "url": "https://mp.weixin.qq.com/s/LrZPg2FmFnNVGdyWbCKxTQ"}, {"name": "\u5546\u4e18\u5e02\u67d8\u57ce\u53bf\u6625\u6c34\u8857\u9053\u529e\u4e8b\u5904\u5174\u4e2d\u9053", "value": [115.33949235536896, 34.08884986706028], "release_date": "", "source": "\u5546\u4e18\u53d1\u5e03", "url": "https://mp.weixin.qq.com/s/LrZPg2FmFnNVGdyWbCKxTQ"}, {"name": "\u5546\u4e18\u5e02\u67d8\u57ce\u53bf\u7533\u6865\u4e61\u5218\u697c\u5c0f\u6731\u5e84", "value": [115.14011292491979, 34.107608597324656], "release_date": "", "source": "\u5546\u4e18\u53d1\u5e03", "url": "https://mp.weixin.qq.com/s/LrZPg2FmFnNVGdyWbCKxTQ"}, {"name": "\u5546\u4e18\u5e02\u67d8\u57ce\u53bf\u7687\u96c6\u4e61\u540e\u674e", "value": [115.23516767021638, 34.03456336914274], "release_date": "", "source": "\u5546\u4e18\u53d1\u5e03", "url": "https://mp.weixin.qq.com/s/LrZPg2FmFnNVGdyWbCKxTQ"}, {"name": "\u5546\u4e18\u5e02\u67d8\u57ce\u53bf\u57ce\u5173\u9547\u5fb7\u80b2\u5df7", "value": [115.30455249555015, 34.07745189959212], "release_date": "", "source": "\u5546\u4e18\u53d1\u5e03", "url": "https://mp.weixin.qq.com/s/F7i_b6sBbXZgqQwbqQ7lkA"}, {"name": "\u5546\u4e18\u5e02\u67d8\u57ce\u53bf\u5f20\u6865\u9547\u5f20\u6865\u6751", "value": [115.30126041138288, 34.0419938272647], "release_date": "", "source": "\u5546\u4e18\u53d1\u5e03", "url": "https://mp.weixin.qq.com/s/F7i_b6sBbXZgqQwbqQ7lkA"}, {"name": "\u5546\u4e18\u5e02\u67d8\u57ce\u53bf\u51e4\u51f0\u8857\u9053", "value": [115.15028545364311, 34.00621474511375], "release_date": "", "source": "\u5546\u4e18\u53d1\u5e03", "url": "https://mp.weixin.qq.com/s/eI8-W8pC9NizNrFRRC6Ycw"}, {"name": "\u5546\u4e18\u5e02\u67d8\u57ce\u53bf\u5f20\u6865\u9547", "value": [115.3090718359093, 34.043954187725106], "release_date": "", "source": "\u5546\u4e18\u53d1\u5e03", "url": "https://mp.weixin.qq.com/s/eI8-W8pC9NizNrFRRC6Ycw"}, {"name": "\u5546\u4e18\u5e02\u67d8\u57ce\u53bf\u6625\u6c34\u8857\u9053\u529e\u4e8b\u5904", "value": [115.33949235536896, 34.08884986706028], "release_date": "", "source": "\u5546\u4e18\u53d1\u5e03", "url": "https://mp.weixin.qq.com/s/eI8-W8pC9NizNrFRRC6Ycw"}, {"name": "\u5546\u4e18\u5e02\u67d8\u57ce\u53bf\u6d66\u4e1c\u8857\u9053\u529e\u4e8b\u5904\u5b66\u82d1\u5c0f\u533a", "value": [115.33031979965742, 34.092331481034705], "release_date": "", "source": "\u5546\u4e18\u53d1\u5e03", "url": "https://mp.weixin.qq.com/s/aIBNKZ65n2GT7iXQIduxgg"}, {"name": "\u5546\u4e18\u5e02\u67d8\u57ce\u53bf\u4f2f\u5c97\u9547\u9ad8\u5e84\u6237\u6751", "value": [115.16430582648567, 34.186036563156655], "release_date": "", "source": "\u5546\u4e18\u53d1\u5e03", "url": "https://mp.weixin.qq.com/s/WTBhPAqCmLdW_kv7J4Jx-A"}, {"name": "\u5546\u4e18\u5e02\u67d8\u57ce\u53bf\u65b0\u57ce\u529e\u4e8b\u5904\u91d1\u5e84\u6751", "value": [115.24224219419516, 34.09535199063569], "release_date": "", "source": "\u5546\u4e18\u53d1\u5e03", "url": "https://mp.weixin.qq.com/s/WTBhPAqCmLdW_kv7J4Jx-A"}, {"name": "\u5546\u4e18\u5e02\u6c11\u6743\u53bf\u5357\u534e\u8857\u9053\u4e1c\u533a", "value": [115.12773560565077, 34.6255792795942], "release_date": "", "source": "\u5546\u4e18\u53d1\u5e03", "url": "https://mp.weixin.qq.com/s/LrZPg2FmFnNVGdyWbCKxTQ"}, {"name": "\u5546\u4e18\u5e02\u6c11\u6743\u53bf\u82b1\u56ed\u5434\u8001\u5bb6", "value": [115.12063763113895, 34.603850735848546], "release_date": "", "source": "\u5546\u4e18\u53d1\u5e03", "url": "https://mp.weixin.qq.com/s/LrZPg2FmFnNVGdyWbCKxTQ"}, {"name": "\u5546\u4e18\u5e02\u6c38\u57ce\u5e02\u65b0\u57ce\u533a\u7261\u4e39\u5c0f\u533a", "value": [116.44260634406461, 33.931001028780685], "release_date": "", "source": "\u5546\u4e18\u53d1\u5e03", "url": "https://mp.weixin.qq.com/s/LrZPg2FmFnNVGdyWbCKxTQ"}, {"name": "\u5546\u4e18\u5e02\u6c38\u57ce\u5e02\u6c38\u946b\u56ed\u4e1c\u533a", "value": [116.3786402559721, 33.95529344917528], "release_date": "", "source": "\u5546\u4e18\u53d1\u5e03", "url": "https://mp.weixin.qq.com/s/LrZPg2FmFnNVGdyWbCKxTQ"}, {"name": "\u5546\u4e18\u5e02\u6c38\u57ce\u5e02\u6f14\u96c6\u9547\u5929\u9f50\u6751\u897f\u5218\u5e97\u7ec4", "value": [116.42500842860235, 33.986873029985816], "release_date": "", "source": "\u5546\u4e18\u53d1\u5e03", "url": "https://mp.weixin.qq.com/s/LrZPg2FmFnNVGdyWbCKxTQ"}, {"name": "\u5546\u4e18\u5e02\u6c38\u57ce\u5e02\u9142\u57ce\u9547\u590f\u67cf\u56ed\u6751\u95eb\u5404\u6751", "value": [116.10254817171833, 33.94946525576721], "release_date": "", "source": "\u5546\u4e18\u53d1\u5e03", "url": "https://mp.weixin.qq.com/s/LrZPg2FmFnNVGdyWbCKxTQ"}, {"name": "\u5546\u4e18\u5e02\u6c38\u57ce\u5e02\u9a6c\u6865\u9547\u7cae\u7ba1\u6240\u5bb6\u5c5e\u9662", "value": [116.22713565039632, 33.80579862438282], "release_date": "", "source": "\u5546\u4e18\u53d1\u5e03", "url": "https://mp.weixin.qq.com/s/LrZPg2FmFnNVGdyWbCKxTQ"}, {"name": "\u5546\u4e18\u5e02\u6c38\u57ce\u5e02\u9a6c\u6865\u9547\u95eb\u5e99\u6751", "value": [116.20264602281566, 33.792917172972736], "release_date": "", "source": "\u5546\u4e18\u53d1\u5e03", "url": "https://mp.weixin.qq.com/s/LrZPg2FmFnNVGdyWbCKxTQ"}, {"name": "\u5546\u4e18\u5e02\u6c38\u57ce\u5e02\u9a6c\u6865\u9547\u9a6c\u5e84\u6751", "value": [116.19870259190358, 33.80494312566273], "release_date": "", "source": "\u5546\u4e18\u53d1\u5e03", "url": "https://mp.weixin.qq.com/s/F7i_b6sBbXZgqQwbqQ7lkA"}, {"name": "\u5546\u4e18\u5e02\u6c38\u57ce\u5e02\u4e1c\u57ce\u533a\u5c9a\u6e7e\u56fd\u9645\u5c0f\u533a", "value": [116.45267950263388, 33.943614788881305], "release_date": "", "source": "\u5546\u4e18\u53d1\u5e03", "url": "https://mp.weixin.qq.com/s/VA2rOoZzVjDKlNK2k4vjsA"}, {"name": "\u5546\u4e18\u5e02\u6c38\u57ce\u5e02\u6f14\u96c6\u4e61\u5929\u9f50\u6751", "value": [116.42500842860235, 33.986873029985816], "release_date": "", "source": "\u5546\u4e18\u53d1\u5e03", "url": "https://mp.weixin.qq.com/s/VA2rOoZzVjDKlNK2k4vjsA"}, {"name": "\u5546\u4e18\u5e02\u6c38\u57ce\u5e02\u53d1\u5c55\u5e7f\u573a1\u53f7\u697c", "value": [116.45909688442008, 33.935587487288004], "release_date": "", "source": "\u5546\u4e18\u53d1\u5e03", "url": "https://mp.weixin.qq.com/s/LrZPg2FmFnNVGdyWbCKxTQ"}, {"name": "\u5546\u4e18\u5e02\u7762\u9633\u533a\u5305\u516c\u5e99\u4e61\u5341\u897f\u6751", "value": [115.55579030144003, 34.10365771473018], "release_date": "", "source": "\u5546\u4e18\u53d1\u5e03", "url": "https://mp.weixin.qq.com/s/LrZPg2FmFnNVGdyWbCKxTQ"}, {"name": "\u5546\u4e18\u5e02\u7762\u9633\u533a\u5357\u4eac\u8def\u4e0e\u5f52\u5fb7\u8def\u4ea4\u53c9\u53e3\u5b87\u946b\u5c0f\u533a", "value": [115.66647108097489, 34.41465746525885], "release_date": "", "source": "\u5546\u4e18\u53d1\u5e03", "url": "https://mp.weixin.qq.com/s/LrZPg2FmFnNVGdyWbCKxTQ"}, {"name": "\u5546\u4e18\u5e02\u7762\u9633\u533a\u53e4\u5b8b\u8857\u9053\u540d\u95e8\u57ce\u4e66\u82d1\u82b1\u56ed", "value": [115.65484430898023, 34.381642000071245], "release_date": "", "source": "\u5546\u4e18\u53d1\u5e03", "url": "https://mp.weixin.qq.com/s/LrZPg2FmFnNVGdyWbCKxTQ"}, {"name": "\u5546\u4e18\u5e02\u7762\u9633\u533a\u632f\u534e\u5357\u82d1\u5c0f\u533a", "value": [115.62018453547844, 34.431438581694884], "release_date": "", "source": "\u5546\u4e18\u53d1\u5e03", "url": "https://mp.weixin.qq.com/s/LrZPg2FmFnNVGdyWbCKxTQ"}, {"name": "\u5546\u4e18\u5e02\u7762\u9633\u533a\u957f\u6c5f\u8def\u4e0e\u5f00\u5143\u8def\u4ea4\u53c9\u53e3\u5357", "value": [115.66788376829349, 34.419211317295826], "release_date": "", "source": "\u5546\u4e18\u53d1\u5e03", "url": "https://mp.weixin.qq.com/s/LrZPg2FmFnNVGdyWbCKxTQ"}, {"name": "\u5546\u4e18\u5e02\u7762\u9633\u533a\u53e4\u5b8b\u529e\u4e8b\u5904\u5e38\u8def\u53e3\u6751", "value": [115.59436055813924, 34.38197783282516], "release_date": "", "source": "\u5546\u4e18\u53d1\u5e03", "url": "https://mp.weixin.qq.com/s/F7i_b6sBbXZgqQwbqQ7lkA"}, {"name": "\u5546\u4e18\u5e02\u7762\u9633\u533a\u65b0\u57ce\u529e\u4e8b\u5904\u51ef\u65cb\u56ed\u5c0f\u533a", "value": [115.64894592406485, 34.39874130186862], "release_date": "20200214", "source": "\u5546\u4e18\u53d1\u5e03", "url": "https://mp.weixin.qq.com/s/PUxmu1zjRP9s3pMm10F2AA"}, {"name": "\u5546\u4e18\u5e02\u7762\u9633\u533a\u4e1c\u65b9\u529e\u4e8b\u5904\u5b8f\u660c\u8def", "value": [115.65004713886006, 34.41516904038839], "release_date": "", "source": "\u5546\u4e18\u53d1\u5e03", "url": "https://mp.weixin.qq.com/s/VA2rOoZzVjDKlNK2k4vjsA"}, {"name": "\u5546\u4e18\u5e02\u793a\u8303\u533a\u4e2d\u5dde\u8857\u9053\u6768\u5802\u65b0\u6751", "value": [115.67817714897832, 34.45683821098425], "release_date": "", "source": "\u5546\u4e18\u53d1\u5e03", "url": "https://mp.weixin.qq.com/s/LrZPg2FmFnNVGdyWbCKxTQ"}, {"name": "\u5546\u4e18\u5e02\u793a\u8303\u533a\u4e2d\u5dde\u8857\u9053\u9ec4\u697c\u4e1c\u6751", "value": [115.69501036100675, 34.45073378671294], "release_date": "", "source": "\u5546\u4e18\u53d1\u5e03", "url": "https://mp.weixin.qq.com/s/LrZPg2FmFnNVGdyWbCKxTQ"}, {"name": "\u5546\u4e18\u5e02\u793a\u8303\u533a\u5e73\u5b89\u8857\u9053\u5bcc\u8d35\u534e\u5ead", "value": [115.67285482796919, 34.409165967987605], "release_date": "", "source": "\u5546\u4e18\u53d1\u5e03", "url": "https://mp.weixin.qq.com/s/LrZPg2FmFnNVGdyWbCKxTQ"}, {"name": "\u5546\u4e18\u5e02\u793a\u8303\u533a\u5f20\u9601\u9547\u5b59\u96c6\u6751", "value": [115.76160548149429, 34.45928741563948], "release_date": "", "source": "\u5546\u4e18\u53d1\u5e03", "url": "https://mp.weixin.qq.com/s/LrZPg2FmFnNVGdyWbCKxTQ"}]