[{"name": "\u65b0\u4e61\u5e02\u8f89\u53bf\u5e02\u5357\u6751\u9547", "value": [113.75147627645072, 35.67678768837016], "release_date": "", "source": "\u5b98\u65b9\u6570\u636e", "url": "http://www.xxswjw.gov.cn/page163?article_id=17344"}, {"name": "\u65b0\u4e61\u5e02\u8f89\u53bf\u5e02\u5317\u4e91\u95e8\u9547", "value": [113.74643299280815, 35.43825501224467], "release_date": "", "source": "\u5b98\u65b9\u6570\u636e", "url": "https://mp.weixin.qq.com/s/i-iSirMDhN2oW-qy8BYQTQ"}, {"name": "\u65b0\u4e61\u5e02\u8f89\u53bf\u5e02\u5357\u6751\u9547\u5c1a\u5e84\u6751", "value": [113.74606101204137, 35.68073110502875], "release_date": "", "source": "\u5b98\u65b9\u6570\u636e", "url": "https://mp.weixin.qq.com/s/OQUr03T6-wLgeuydqLNGCw"}, {"name": "\u65b0\u4e61\u5e02\u8f89\u53bf\u5e02\u57ce\u5173\u9547\u6ee8\u6cb3\u6e7e\u5c0f\u533a", "value": [113.83099631096938, 35.45983528448162], "release_date": "", "source": "\u5b98\u65b9\u6570\u636e", "url": "https://mp.weixin.qq.com/s/OQUr03T6-wLgeuydqLNGCw"}, {"name": "\u65b0\u4e61\u5e02\u8f89\u53bf\u5e02\u4e16\u7eaa\u6e05\u534e\u5c0f\u533a", "value": [113.79804353577846, 35.45767324031898], "release_date": "", "source": "\u5b98\u65b9\u6570\u636e", "url": "https://mp.weixin.qq.com/s/_fpss0GheiLKo96Aie4bKQ"}, {"name": "\u65b0\u4e61\u5e02\u536b\u6ee8\u533a\u94c1\u897f\u529e", "value": [113.84203414412724, 35.31784306182671], "release_date": "", "source": "\u5b98\u65b9\u6570\u636e", "url": "http://www.xxswjw.gov.cn/page163?article_id=17360"}, {"name": "\u65b0\u4e61\u5e02\u536b\u6ee8\u533a\u80dc\u5229\u8def\u9686\u80dc\u534e\u5ead\u5c0f\u533a", "value": [113.87751024588437, 35.27308254781468], "release_date": "", "source": "\u5b98\u65b9\u6570\u636e", "url": "http://www.xxswjw.gov.cn/page163?article_id=17487"}, {"name": "\u65b0\u4e61\u5e02\u536b\u8f89\u5e02\u5510\u5e84\u9547", "value": [113.9997777812759, 35.42472640416725], "release_date": "", "source": "\u5b98\u65b9\u6570\u636e", "url": "http://www.weihui.gov.cn/portal/zwyw/gsgg/webinfo/2020/02/1582298921152819.htm"}, {"name": "\u65b0\u4e61\u5e02\u536b\u8f89\u5e02\u57ce\u90ca\u4e61", "value": [114.09309587559066, 35.40488767697978], "release_date": "", "source": "\u5b98\u65b9\u6570\u636e", "url": "http://www.xxswjw.gov.cn/page163?article_id=17463"}, {"name": "\u65b0\u4e61\u5e02\u536b\u8f89\u5e02\u57ce\u90ca\u4e61\u5510\u5c97\u6751", "value": [114.08127167407818, 35.44150062014949], "release_date": "20200213", "source": "\u5b98\u65b9\u6570\u636e", "url": "http://www.xxswjw.gov.cn/page163?article_id=17541"}, {"name": "\u65b0\u4e61\u5e02\u5ef6\u6d25\u53bf\u6986\u6797\u4e61\u738b\u6751", "value": [114.10375282089625, 35.23198685505857], "release_date": "", "source": "\u5b98\u65b9\u6570\u636e", "url": "http://www.yanjin.gov.cn/gggs/2020/0203/11743.html"}, {"name": "\u65b0\u4e61\u5e02\u65b0\u4e61\u53bf\u65b0\u4e61\u7ecf\u6d4e\u5f00\u53d1\u533a\u95eb\u5e84\u6751", "value": [113.80273212806189, 35.20366586052329], "release_date": "", "source": "\u5b98\u65b9\u6570\u636e", "url": "http://www.xinxiangxian.gov.cn/portal/zwyw/tzgg/webinfo/2020/01/1582023417050665.htm"}, {"name": "\u65b0\u4e61\u5e02\u65b0\u4e61\u53bf\u6717\u516c\u5e99\u9547\u4e1c\u8346\u697c\u6751", "value": [113.89387034140212, 35.17557668460797], "release_date": "", "source": "\u5b98\u65b9\u6570\u636e", "url": "https://mp.weixin.qq.com/s/UQdwCN_CUv5974QsMaOR7A"}, {"name": "\u65b0\u4e61\u5e02\u65b0\u4e61\u53bf\u6717\u516c\u5e99\u9547\u5f20\u6e7e\u6751", "value": [113.88741610540511, 35.216305127697225], "release_date": "", "source": "\u5b98\u65b9\u6570\u636e", "url": "https://mp.weixin.qq.com/s/JwmzEQLis7BMoJjRakoA1g"}, {"name": "\u65b0\u4e61\u5e02\u65b0\u4e61\u53bf\u9752\u9f99\u8def\u4e1c\u6bb5", "value": [113.90567832732687, 35.230447192337756], "release_date": "", "source": "\u5b98\u65b9\u6570\u636e", "url": "https://mp.weixin.qq.com/s/3F_ClaKSNiFJgkK6YrajIQ"}, {"name": "\u65b0\u4e61\u5e02\u7ea2\u65d7\u533a\u632f\u4e2d\u8857250\u53f7\u5bcc\u6625\u56ed\u5c0f\u533aA\u533a", "value": [113.90182385955298, 35.2833356006769], "release_date": "", "source": "\u5b98\u65b9\u6570\u636e", "url": "https://weibo.com/xinlanghenan?profile_ftype=1&is_all=1&is_search=1&key_word=%E6%96%B0%E4%B9%A1#_0"}, {"name": "\u65b0\u4e61\u5e02\u7ea2\u65d7\u533a\u6d2a\u95e8\u9547", "value": [113.93563146596779, 35.28124352458417], "release_date": "", "source": "\u5b98\u65b9\u6570\u636e", "url": "http://www.xxswjw.gov.cn/page163?article_id=17376"}, {"name": "\u65b0\u4e61\u5e02\u957f\u57a3\u5e02\u4f58\u5bb6\u9547\u4f58\u897f\u6751", "value": [114.87519968059568, 35.33677621221248], "release_date": "", "source": "\u5b98\u65b9\u6570\u636e", "url": "https://mp.weixin.qq.com/s/ReP06Po_KJB4h7VgBWWdyw"}, {"name": "\u65b0\u4e61\u5e02\u957f\u57a3\u5e02\u5357\u84b2\u8857\u9053\u529e\u4e8b\u5904", "value": [114.668152103765, 35.15140118303652], "release_date": "", "source": "\u5b98\u65b9\u6570\u636e", "url": "http://www.changyuan.gov.cn/sitesources/cyxrmzf/page_pc/ywdt/zyyw/article7809876cef0d4507b5d905a88b7a91ae.html"}, {"name": "\u65b0\u4e61\u5e02\u957f\u57a3\u5e02\u6ee1\u6751\u9547\u5c0f\u5415\u6751", "value": [114.77093605762678, 35.24721827132695], "release_date": "", "source": "\u5b98\u65b9\u6570\u636e", "url": "https://mp.weixin.qq.com/s/ReP06Po_KJB4h7VgBWWdyw"}, {"name": "\u65b0\u4e61\u5e02\u957f\u57a3\u5e02\u6ee1\u6751\u9547", "value": [114.73760975771599, 35.26223993533239], "release_date": "", "source": "\u5b98\u65b9\u6570\u636e", "url": "http://www.changyuan.gov.cn/sitesources/cyxrmzf/page_pc/ywdt/zyyw/article0e82b07ed4c64cc9aaffcc96ba8466c2.html"}, {"name": "\u65b0\u4e61\u5e02\u957f\u57a3\u5e02\u5b8f\u529b\u5b66\u6821\u5bb6\u5c5e\u9662", "value": [114.6621698339776, 35.1956772044526], "release_date": "", "source": "\u5b98\u65b9\u6570\u636e", "url": "http://www.xxswjw.gov.cn/page163?article_id=17469"}, {"name": "\u65b0\u4e61\u5e02\u957f\u57a3\u5e02\u6a0a\u5c6f\u6751\u5357\u84b2\u8857\u9053", "value": [114.67986916582205, 35.17526764334], "release_date": "", "source": "\u5b98\u65b9\u6570\u636e", "url": "http://www.xxswjw.gov.cn/page163?article_id=17487"}, {"name": "\u65b0\u4e61\u5e02\u5c01\u4e18\u53bf\u57ce\u5173\u9547", "value": [114.4322232393452, 35.03922758753192], "release_date": "", "source": "\u5b98\u65b9\u6570\u636e", "url": "http://www.xxswjw.gov.cn/page163?article_id=17463"}, {"name": "\u65b0\u4e61\u5e02\u83b7\u5609\u53bf\u4ea2\u6751\u9547\u674e\u9053\u5824\u6751", "value": [113.7429776215816, 35.1599323400313], "release_date": "20200216", "source": "\u5b98\u65b9\u6570\u636e", "url": "http://www.xxswjw.gov.cn/page163?article_id=17586"}, {"name": "\u65b0\u4e61\u5e02\u957f\u57a3\u53bf\u84b2\u897f\u8857\u9053\u529e\u4e8b\u5904\u897f\u5173\u6751", "value": [114.69100518048253, 35.1983663424048], "release_date": "20200217", "source": "\u5b98\u65b9\u6570\u636e", "url": "http://www.xxswjw.gov.cn/page163?article_id=17614"}]