[{"name": "\u6cb3\u5357\u7701\u90d1\u5dde\u5e02\u4e0a\u8857\u533a\u6c99\u56fa\u65b0\u6751", "value": [113.26450592876496, 34.822713233568926], "release_date": "", "source": "\u90d1\u5dde\u53d1\u5e03", "url": "https://mp.weixin.qq.com/s/Z7fh1jXfnEBSlf5Lyd6WdQ"}, {"name": "\u6cb3\u5357\u7701\u90d1\u5dde\u5e02\u4e2d\u539f\u533a\u56fd\u68c9\u4e09\u5382", "value": [113.62301269856252, 34.76205748342365], "release_date": "", "source": "\u90d1\u5dde\u53d1\u5e03", "url": "https://mp.weixin.qq.com/s/Z7fh1jXfnEBSlf5Lyd6WdQ"}, {"name": "\u6cb3\u5357\u7701\u90d1\u5dde\u5e02\u4e2d\u539f\u533a\u5de5\u4eba\u8def\u5b66\u5e9c\u4e00\u53f7", "value": [113.62850995251047, 34.74468482939997], "release_date": "", "source": "\u90d1\u5dde\u53d1\u5e03", "url": "https://mp.weixin.qq.com/s/Z7fh1jXfnEBSlf5Lyd6WdQ"}, {"name": "\u6cb3\u5357\u7701\u90d1\u5dde\u5e02\u4e2d\u539f\u533a\u6797\u5c71\u5be840\u53f7\u9662", "value": [113.62796375630259, 34.75236163723984], "release_date": "", "source": "\u90d1\u5dde\u53d1\u5e03", "url": "https://mp.weixin.qq.com/s/Z7fh1jXfnEBSlf5Lyd6WdQ"}, {"name": "\u6cb3\u5357\u7701\u90d1\u5dde\u5e02\u4e2d\u539f\u533a\u4e2d\u539f\u897f\u8def\u6e56\u5149\u82d1\u5c0f\u533a", "value": [113.58931134763047, 34.7559916832807], "release_date": "", "source": "\u90d1\u5dde\u53d1\u5e03", "url": "https://mp.weixin.qq.com/s/HwK7ddh7uUoq3_rSmk5G9w"}, {"name": "\u6cb3\u5357\u7701\u90d1\u5dde\u5e02\u4e2d\u539f\u533a\u5189\u5c6f\u8def\u4e5d\u9f99\u56fd\u9645", "value": [113.61551910706764, 34.78200816824642], "release_date": "", "source": "\u90d1\u5dde\u53d1\u5e03", "url": "https://mp.weixin.qq.com/s/HwK7ddh7uUoq3_rSmk5G9w"}, {"name": "\u6cb3\u5357\u7701\u90d1\u5dde\u5e02\u4e2d\u539f\u533a\u6850\u67cf\u5357\u8def\u4e07\u798f\u82b1\u56ed", "value": [113.61805464611041, 34.73022191836814], "release_date": "", "source": "\u90d1\u5dde\u53d1\u5e03", "url": "https://mp.weixin.qq.com/s/2eetMzexBe2YuUkqLZatlQ"}, {"name": "\u6cb3\u5357\u7701\u90d1\u5dde\u5e02\u4e2d\u539f\u533a\u6850\u67cf\u8def\u4e07\u798f\u82b1\u56ed", "value": [113.61805464611041, 34.73022191836814], "release_date": "", "source": "\u90d1\u5dde\u53d1\u5e03", "url": "https://mp.weixin.qq.com/s/weRRQt_932WuHbuikWI8og"}, {"name": "\u6cb3\u5357\u7701\u90d1\u5dde\u5e02\u4e2d\u539f\u533a\u68c9\u7eba\u8def\u529e\u4e8b\u5904\u56fd\u68c9\u56db\u5382\u5bb6\u5c5e\u9662", "value": [113.62787785497616, 34.763897680521644], "release_date": "", "source": "\u90d1\u5dde\u53d1\u5e03", "url": "https://mp.weixin.qq.com/s/csb4-s8a7M-wjsVQm6d5mg"}, {"name": "\u6cb3\u5357\u7701\u90d1\u5dde\u5e02\u4e2d\u539f\u533a\u822a\u6d77\u897f\u8def\u529e\u4e8b\u5904\u5e1d\u6e56\u82b1\u56ed", "value": [113.6252395689154, 34.72013874624663], "release_date": "", "source": "\u90d1\u5dde\u53d1\u5e03", "url": "https://mp.weixin.qq.com/s/R8WJmEGI7Gu5zVnKa6389w"}, {"name": "\u6cb3\u5357\u7701\u90d1\u5dde\u5e02\u4e2d\u539f\u533a\u4e09\u5b98\u5e99\u529e\u4e8b\u5904\u5efa\u8bbe\u897f\u8def169\u53f7\u9662", "value": [113.60680561494482, 34.76343912612761], "release_date": "20200215", "source": "\u90d1\u5dde\u53d1\u5e03", "url": "https://mp.weixin.qq.com/s/Nsevz6ACmLXdYDCQneQMNA"}, {"name": "\u6cb3\u5357\u7701\u90d1\u5dde\u5e02\u4e8c\u4e03\u533a\u5174\u534e\u5357\u885746\u53f7\u9662", "value": [113.63862422598639, 34.733546539630765], "release_date": "", "source": "\u90d1\u5dde\u53d1\u5e03", "url": "https://mp.weixin.qq.com/s/Z7fh1jXfnEBSlf5Lyd6WdQ"}, {"name": "\u6cb3\u5357\u7701\u90d1\u5dde\u5e02\u4e8c\u4e03\u533a\u5347\u9f99\u56fd\u9645\u5c0f\u533a", "value": [113.6552236318849, 34.732124310403904], "release_date": "", "source": "\u90d1\u5dde\u53d1\u5e03", "url": "https://mp.weixin.qq.com/s/Z7fh1jXfnEBSlf5Lyd6WdQ"}, {"name": "\u6cb3\u5357\u7701\u90d1\u5dde\u5e02\u4e8c\u4e03\u533a\u6c38\u5b89\u885735\u53f7\u9662", "value": [113.66109125191944, 34.73990725656361], "release_date": "", "source": "\u90d1\u5dde\u53d1\u5e03", "url": "https://mp.weixin.qq.com/s/Z7fh1jXfnEBSlf5Lyd6WdQ"}, {"name": "\u6cb3\u5357\u7701\u90d1\u5dde\u5e02\u4e8c\u4e03\u533a\u798f\u534e\u8857\u529e\u4e8b\u5904\u94c1\u9053\u5bb6\u56ed\u793e\u533a", "value": [113.66489110351552, 34.73523518574088], "release_date": "", "source": "\u90d1\u5dde\u53d1\u5e03", "url": "https://mp.weixin.qq.com/s/PkVzl_Tn-QDsOaDcsF0lcQ"}, {"name": "\u6cb3\u5357\u7701\u90d1\u5dde\u5e02\u4e8c\u4e03\u533a\u4eba\u548c\u8def\u529e\u4e8b\u5904\u8054\u5408\u96c5\u56ed", "value": [113.64474434101747, 34.71772943812442], "release_date": "", "source": "\u90d1\u5dde\u53d1\u5e03", "url": "https://mp.weixin.qq.com/s/HwK7ddh7uUoq3_rSmk5G9w"}, {"name": "\u6cb3\u5357\u7701\u90d1\u5dde\u5e02\u4e8c\u4e03\u533a\u4eac\u5e7f\u5357\u8def68\u53f7\u9662", "value": [113.66238906487318, 34.71385474284097], "release_date": "", "source": "\u90d1\u5dde\u53d1\u5e03", "url": "https://mp.weixin.qq.com/s/Z7fh1jXfnEBSlf5Lyd6WdQ"}, {"name": "\u6cb3\u5357\u7701\u90d1\u5dde\u5e02\u4e8c\u4e03\u533a\u4eba\u548c\u8def\u529e\u4e8b\u5904\u90d1\u98de\u5c0f\u533a", "value": [113.64412539619357, 34.70907189040393], "release_date": "", "source": "\u90d1\u5dde\u53d1\u5e03", "url": "https://mp.weixin.qq.com/s/x7BxzPzfTxutD4WKvho7DA"}, {"name": "\u6cb3\u5357\u7701\u90d1\u5dde\u5e02\u4e8c\u4e03\u533a\u957f\u6c5f\u4e2d\u8def\u4e9a\u661f\u57ce\u5e02\u5c71\u6c34", "value": [113.63615267867883, 34.715111546881595], "release_date": "", "source": "\u90d1\u5dde\u53d1\u5e03", "url": "https://mp.weixin.qq.com/s/x7BxzPzfTxutD4WKvho7DA"}, {"name": "\u6cb3\u5357\u7701\u90d1\u5dde\u5e02\u4e8c\u4e03\u533a\u4fdd\u5168\u8857\u8d22\u5bcc\u661f\u82d1", "value": [113.6567786507259, 34.73817441754366], "release_date": "", "source": "\u90d1\u5dde\u53d1\u5e03", "url": "https://mp.weixin.qq.com/s/weRRQt_932WuHbuikWI8og"}, {"name": "\u6cb3\u5357\u7701\u90d1\u5dde\u5e02\u4e8c\u4e03\u533a\u798f\u534e\u8857\u529e\u4e8b\u5904\u5317\u94c1\u8def\u5317\u798f\u534e\u8857\u5c0f\u533a", "value": [113.66935694110536, 34.7391281581989], "release_date": "", "source": "\u90d1\u5dde\u53d1\u5e03", "url": "https://mp.weixin.qq.com/s/weRRQt_932WuHbuikWI8og"}, {"name": "\u6cb3\u5357\u7701\u90d1\u5dde\u5e02\u4e8c\u4e03\u533a\u90d1\u5bc6\u8def\u4e9a\u661f\u671b\u6c5f\u5c45", "value": [113.63016639207959, 34.70692048353074], "release_date": "", "source": "\u90d1\u5dde\u53d1\u5e03", "url": "https://mp.weixin.qq.com/s/2eetMzexBe2YuUkqLZatlQ"}, {"name": "\u6cb3\u5357\u7701\u90d1\u5dde\u5e02\u4e8c\u4e03\u533a\u798f\u534e\u8857\u529e\u4e8b\u5904\u4eac\u5e7f\u4e2d\u8def14\u53f7\u9662", "value": [113.66375879667574, 34.73189423396319], "release_date": "20200212", "source": "\u90d1\u5dde\u53d1\u5e03", "url": "https://mp.weixin.qq.com/s/hp0bejmVscQfceAkMqCw5Q"}, {"name": "\u6cb3\u5357\u7701\u90d1\u5dde\u5e02\u4e8c\u4e03\u533a\u957f\u6c5f\u4e00\u53f7", "value": [113.66493000582719, 34.715637410633335], "release_date": "", "source": "\u90d1\u5dde\u53d1\u5e03", "url": "https://mp.weixin.qq.com/s/Z7fh1jXfnEBSlf5Lyd6WdQ"}, {"name": "\u6cb3\u5357\u7701\u90d1\u5dde\u5e02\u4e8c\u4e03\u533a\u6dee\u6cb3\u8def\u529e\u4e8b\u5904\u6c11\u5b89\u8def\u7126\u5bb6\u95e8", "value": [113.6523999605571, 34.75128372722361], "release_date": "20200218", "source": "\u90d1\u5dde\u53d1\u5e03", "url": "https://mp.weixin.qq.com/s/u8gVpLBcLqB1lS0m4qbjXA"}, {"name": "\u6cb3\u5357\u7701\u90d1\u5dde\u5e02\u5de9\u4e49\u5e02\u56ed\u4e01\u8857\u70df\u8349\u5c40\u5bb6\u5c5e\u9662", "value": [112.9990366643895, 34.754156150099256], "release_date": "", "source": "\u90d1\u5dde\u53d1\u5e03", "url": "https://mp.weixin.qq.com/s/Z7fh1jXfnEBSlf5Lyd6WdQ"}, {"name": "\u6cb3\u5357\u7701\u90d1\u5dde\u5e02\u5de9\u4e49\u5e02\u5927\u5cea\u6c9f\u9547\u5cea\u79c0\u82b1\u56ed", "value": [113.10802493581701, 34.716849466088625], "release_date": "", "source": "\u90d1\u5dde\u53d1\u5e03", "url": "https://mp.weixin.qq.com/s/Z7fh1jXfnEBSlf5Lyd6WdQ"}, {"name": "\u6cb3\u5357\u7701\u90d1\u5dde\u5e02\u5de9\u4e49\u5e02\u5939\u6d25\u53e3\u9547", "value": [113.03655515378487, 34.63184231388619], "release_date": "", "source": "\u90d1\u5dde\u53d1\u5e03", "url": "https://mp.weixin.qq.com/s/Z7fh1jXfnEBSlf5Lyd6WdQ"}, {"name": "\u6cb3\u5357\u7701\u90d1\u5dde\u5e02\u5de9\u4e49\u5e02\u5efa\u8bbe\u8def\u5efa\u8bbe\u65b0\u6751", "value": [112.99587799846131, 34.74784567301341], "release_date": "", "source": "\u90d1\u5dde\u53d1\u5e03", "url": "https://mp.weixin.qq.com/s/Z7fh1jXfnEBSlf5Lyd6WdQ"}, {"name": "\u6cb3\u5357\u7701\u90d1\u5dde\u5e02\u5de9\u4e49\u5e02\u897f\u6751\u9547", "value": [112.96907722220222, 34.64978867092535], "release_date": "", "source": "\u90d1\u5dde\u53d1\u5e03", "url": "https://mp.weixin.qq.com/s/Z7fh1jXfnEBSlf5Lyd6WdQ"}, {"name": "\u6cb3\u5357\u7701\u90d1\u5dde\u5e02\u5de9\u4e49\u5e02\u7d2b\u8346\u8def\u529e\u4e8b\u5904\u6052\u661f\u7687\u5bb6\u82b1\u56ed", "value": [113.02785675489936, 34.76423527217499], "release_date": "20200212", "source": "\u90d1\u5dde\u53d1\u5e03", "url": "https://mp.weixin.qq.com/s/hp0bejmVscQfceAkMqCw5Q"}, {"name": "\u6cb3\u5357\u7701\u90d1\u5dde\u5e02\u60e0\u6d4e\u533a\u53e4\u8365\u9547\u6d77\u68e0\u82d1\u5c0f\u533a", "value": [113.5430522931314, 34.88574634552897], "release_date": "", "source": "\u90d1\u5dde\u53d1\u5e03", "url": "https://mp.weixin.qq.com/s/Z7fh1jXfnEBSlf5Lyd6WdQ"}, {"name": "\u6cb3\u5357\u7701\u90d1\u5dde\u5e02\u60e0\u6d4e\u533a\u65b0\u57ce\u8857\u9053\u5929\u4f26\u5e84\u56ed", "value": [113.62466231763364, 34.8702607975345], "release_date": "", "source": "\u90d1\u5dde\u53d1\u5e03", "url": "https://mp.weixin.qq.com/s/Z7fh1jXfnEBSlf5Lyd6WdQ"}, {"name": "\u6cb3\u5357\u7701\u90d1\u5dde\u5e02\u60e0\u6d4e\u533a\u82f1\u624d\u8857\u4e2d\u539f\u6842\u51a0", "value": [113.6794975463132, 34.865658076778544], "release_date": "", "source": "\u90d1\u5dde\u53d1\u5e03", "url": "https://mp.weixin.qq.com/s/8bfD3eouYKolGTU-gYvEMg"}, {"name": "\u6cb3\u5357\u7701\u90d1\u5dde\u5e02\u65b0\u5bc6\u5e02\u767d\u5be8\u9547", "value": [113.53297898493352, 34.60034739878227], "release_date": "", "source": "\u90d1\u5dde\u53d1\u5e03", "url": "https://mp.weixin.qq.com/s/PkVzl_Tn-QDsOaDcsF0lcQ"}, {"name": "\u6cb3\u5357\u7701\u90d1\u5dde\u5e02\u65b0\u90d1\u5e02\u65b0\u6751\u9547", "value": [113.71783059093676, 34.440353751707185], "release_date": "", "source": "\u90d1\u5dde\u53d1\u5e03", "url": "https://mp.weixin.qq.com/s/Z7fh1jXfnEBSlf5Lyd6WdQ"}, {"name": "\u6cb3\u5357\u7701\u90d1\u5dde\u5e02\u65b0\u90d1\u5e02\u9f99\u6e56\u9547", "value": [113.69245321442104, 34.61578204430953], "release_date": "20200212", "source": "\u90d1\u5dde\u53d1\u5e03", "url": "https://mp.weixin.qq.com/s/uuvNa86a54DG1V78G3-QSw"}, {"name": "\u6cb3\u5357\u7701\u90d1\u5dde\u5e02\u65b0\u90d1\u5e02\u9f99\u6e56\u9547\u4e39\u77f3\u9526\u56ed", "value": [113.71114600506554, 34.64127630796887], "release_date": "", "source": "\u90d1\u5dde\u53d1\u5e03", "url": "https://mp.weixin.qq.com/s/Z7fh1jXfnEBSlf5Lyd6WdQ"}, {"name": "\u6cb3\u5357\u7701\u90d1\u5dde\u5e02\u767b\u5c01\u5e02\u5d69\u9633\u529e\u5d69\u9633\u5546\u573a\u4e2d\u8857", "value": [113.05938188565958, 34.46253654350869], "release_date": "", "source": "\u90d1\u5dde\u53d1\u5e03", "url": "https://mp.weixin.qq.com/s/Z7fh1jXfnEBSlf5Lyd6WdQ"}, {"name": "\u6cb3\u5357\u7701\u90d1\u5dde\u5e02\u767b\u5c01\u5e02\u5927\u51b6\u9547", "value": [113.26837833984797, 34.43664618280861], "release_date": "", "source": "\u90d1\u5dde\u53d1\u5e03", "url": "https://mp.weixin.qq.com/s/PkVzl_Tn-QDsOaDcsF0lcQ"}, {"name": "\u6cb3\u5357\u7701\u90d1\u5dde\u5e02\u7ba1\u57ce\u533a\u5341\u516b\u91cc\u6cb3\u8857\u9053\u5927\u738b\u5e84", "value": [113.72122582521027, 34.691734129521805], "release_date": "", "source": "\u90d1\u5dde\u53d1\u5e03", "url": "https://mp.weixin.qq.com/s/Z7fh1jXfnEBSlf5Lyd6WdQ"}, {"name": "\u6cb3\u5357\u7701\u90d1\u5dde\u5e02\u7ba1\u57ce\u533a\u7ecf\u5f00\u5341\u56db\u5927\u8857\u745e\u9526\u5c0f\u533a", "value": [113.79970301348823, 34.71937039258464], "release_date": "", "source": "\u90d1\u5dde\u53d1\u5e03", "url": "https://mp.weixin.qq.com/s/Z7fh1jXfnEBSlf5Lyd6WdQ"}, {"name": "\u6cb3\u5357\u7701\u90d1\u5dde\u5e02\u7ba1\u57ce\u533a\u7f8e\u666f\u5929\u57ce", "value": [113.72439275470322, 34.73320244798077], "release_date": "", "source": "\u90d1\u5dde\u53d1\u5e03", "url": "https://mp.weixin.qq.com/s/Z7fh1jXfnEBSlf5Lyd6WdQ"}, {"name": "\u6cb3\u5357\u7701\u90d1\u5dde\u5e02\u7ba1\u57ce\u533a\u822a\u6d77\u4e1c\u8def\u6b63\u5546\u84dd\u94bb\u5c0f\u533a", "value": [113.71483332369579, 34.72319438908285], "release_date": "", "source": "\u90d1\u5dde\u53d1\u5e03", "url": "https://mp.weixin.qq.com/s/Z7fh1jXfnEBSlf5Lyd6WdQ"}, {"name": "\u6cb3\u5357\u7701\u90d1\u5dde\u5e02\u7ba1\u57ce\u533a\u9647\u6d77\u4e1c\u8def297\u53f7\u9662", "value": [113.69072119194293, 34.74492006783698], "release_date": "", "source": "\u90d1\u5dde\u53d1\u5e03", "url": "https://mp.weixin.qq.com/s/uuvNa86a54DG1V78G3-QSw"}, {"name": "\u6cb3\u5357\u7701\u90d1\u5dde\u5e02\u7ba1\u57ce\u533a\u9647\u6d77\u529e\u4e8b\u5904\u7d2b\u8346\u5c71\u8def\u7d2b\u8346\u5c1a\u90fd", "value": [113.68928480260819, 34.74132169135853], "release_date": "", "source": "\u90d1\u5dde\u53d1\u5e03", "url": "https://mp.weixin.qq.com/s/8bfD3eouYKolGTU-gYvEMg"}, {"name": "\u6cb3\u5357\u7701\u90d1\u5dde\u5e02\u7ba1\u57ce\u533a\u57ce\u4e1c\u8def\u529e\u4e8b\u5904\u6b63\u5546\u65b0\u84dd\u94bb\u5c0f\u533a", "value": [113.70554211811123, 34.72447567752106], "release_date": "", "source": "\u90d1\u5dde\u53d1\u5e03", "url": "https://mp.weixin.qq.com/s/2eetMzexBe2YuUkqLZatlQ"}, {"name": "\u6cb3\u5357\u7701\u90d1\u5dde\u5e02\u7ba1\u57ce\u533a\u7d2b\u6668\u8def\u7d2b\u5357\u82b1\u56ed", "value": [113.6994024119364, 34.711331646612166], "release_date": "", "source": "\u90d1\u5dde\u53d1\u5e03", "url": "https://mp.weixin.qq.com/s/R8WJmEGI7Gu5zVnKa6389w"}, {"name": "\u6cb3\u5357\u7701\u90d1\u5dde\u5e02\u8365\u9633\u5e02\u57ce\u5173\u4e61", "value": [113.37208988494453, 34.792879255593625], "release_date": "", "source": "\u90d1\u5dde\u53d1\u5e03", "url": "https://mp.weixin.qq.com/s/uuvNa86a54DG1V78G3-QSw"}, {"name": "\u6cb3\u5357\u7701\u90d1\u5dde\u5e02\u8365\u9633\u5e02\u4eac\u57ce\u8857\u9053\u9526\u7ee3\u4f73\u56ed", "value": [113.42370975746452, 34.78760423771942], "release_date": "", "source": "\u90d1\u5dde\u53d1\u5e03", "url": "https://mp.weixin.qq.com/s/Z7fh1jXfnEBSlf5Lyd6WdQ"}, {"name": "\u6cb3\u5357\u7701\u90d1\u5dde\u5e02\u8365\u9633\u5e02\u8c6b\u9f99\u9547\u6e05\u534e\u5927\u6eaa\u5730", "value": [113.45241357217469, 34.7566577446568], "release_date": "", "source": "\u90d1\u5dde\u53d1\u5e03", "url": "https://mp.weixin.qq.com/s/2eetMzexBe2YuUkqLZatlQ"}, {"name": "\u6cb3\u5357\u7701\u90d1\u5dde\u5e02\u90d1\u4e1c\u65b0\u533a\u5189\u5e84\u9526\u7a0b\u82b1\u56ed1\u53f7\u9662", "value": [113.89358315714261, 34.714544730094836], "release_date": "", "source": "\u90d1\u5dde\u53d1\u5e03", "url": "https://mp.weixin.qq.com/s/Z7fh1jXfnEBSlf5Lyd6WdQ"}, {"name": "\u6cb3\u5357\u7701\u90d1\u5dde\u5e02\u90d1\u4e1c\u65b0\u533a\u5362\u6d6e\u516c\u9986", "value": [113.77391380970657, 34.7452415890095], "release_date": "", "source": "\u90d1\u5dde\u53d1\u5e03", "url": "https://mp.weixin.qq.com/s/Z7fh1jXfnEBSlf5Lyd6WdQ"}, {"name": "\u6cb3\u5357\u7701\u90d1\u5dde\u5e02\u90d1\u4e1c\u65b0\u533a\u987a\u9a70\u7b2c\u4e00\u5927\u8857\u6d45\u6c34\u6e7e\u5c0f\u533a", "value": [113.75053284296268, 34.78923734831671], "release_date": "", "source": "\u90d1\u5dde\u53d1\u5e03", "url": "https://mp.weixin.qq.com/s/PkVzl_Tn-QDsOaDcsF0lcQ"}, {"name": "\u6cb3\u5357\u7701\u90d1\u5dde\u5e02\u90d1\u4e1c\u65b0\u533a\u6d77\u9a6c\u516c\u56ed", "value": [113.7768501184039, 34.75436311259252], "release_date": "", "source": "\u90d1\u5dde\u53d1\u5e03", "url": "https://mp.weixin.qq.com/s/HwK7ddh7uUoq3_rSmk5G9w"}, {"name": "\u6cb3\u5357\u7701\u90d1\u5dde\u5e02\u90d1\u4e1c\u65b0\u533a\u796d\u57ce\u8def\u8857\u9053\u529e\u4e8b\u5904\u4e2d\u5174\u8def\u9526\u6c47\u82d1", "value": [113.77918033731798, 34.793583173395014], "release_date": "", "source": "\u90d1\u5dde\u53d1\u5e03", "url": "https://mp.weixin.qq.com/s/weRRQt_932WuHbuikWI8og"}, {"name": "\u6cb3\u5357\u7701\u90d1\u5dde\u5e02\u90d1\u4e1c\u65b0\u533a\u59da\u6865\u4e61", "value": [113.80974969403727, 34.8121236003439], "release_date": "", "source": "\u90d1\u5dde\u53d1\u5e03", "url": "https://mp.weixin.qq.com/s/8bfD3eouYKolGTU-gYvEMg"}, {"name": "\u6cb3\u5357\u7701\u90d1\u5dde\u5e02\u90d1\u4e1c\u65b0\u533a\u7eff\u5730\u8001\u8857", "value": [113.90630994777842, 34.78666674079298], "release_date": "", "source": "\u90d1\u5dde\u53d1\u5e03", "url": "https://mp.weixin.qq.com/s/HwK7ddh7uUoq3_rSmk5G9w"}, {"name": "\u6cb3\u5357\u7701\u90d1\u5dde\u5e02\u90d1\u4e1c\u65b0\u533a\u9f99\u5b50\u6e56\u529e\u4e8b\u5904\u524d\u725b\u5c97\u5c0f\u533a", "value": [113.80586313531997, 34.82047329003087], "release_date": "", "source": "\u90d1\u5dde\u53d1\u5e03", "url": "https://mp.weixin.qq.com/s/csb4-s8a7M-wjsVQm6d5mg"}, {"name": "\u6cb3\u5357\u7701\u90d1\u5dde\u5e02\u90d1\u4e1c\u65b0\u533a\u796d\u57ce\u529e\u4e8b\u5904\u8c6b\u6cd5\u4e1c\u82d1", "value": [113.75558621796299, 34.76668191665738], "release_date": "20200215", "source": "\u90d1\u5dde\u53d1\u5e03", "url": "https://mp.weixin.qq.com/s/Nsevz6ACmLXdYDCQneQMNA"}, {"name": "\u6cb3\u5357\u7701\u90d1\u5dde\u5e02\u91d1\u6c34\u533a\u4e1c\u98ce\u8def\u529e\u4e8b\u5904\u5f00\u7965\u5fa1\u9f99\u57ce", "value": [113.64688345387464, 34.80616075483119], "release_date": "", "source": "\u90d1\u5dde\u53d1\u5e03", "url": "https://mp.weixin.qq.com/s/Z7fh1jXfnEBSlf5Lyd6WdQ"}, {"name": "\u6cb3\u5357\u7701\u90d1\u5dde\u5e02\u91d1\u6c34\u533a\u4e30\u4ea7\u8def\u91d1\u6210\u65f6\u4ee3\u5c0f\u533a", "value": [113.71431872871295, 34.781818965635246], "release_date": "", "source": "\u90d1\u5dde\u53d1\u5e03", "url": "https://mp.weixin.qq.com/s/uuvNa86a54DG1V78G3-QSw"}, {"name": "\u6cb3\u5357\u7701\u90d1\u5dde\u5e02\u91d1\u6c34\u533a\u4e30\u5e86\u8def\u4e2d\u65b9\u56ed\u5c0f\u533a", "value": [113.65691295663066, 34.819294488458866], "release_date": "", "source": "\u90d1\u5dde\u53d1\u5e03", "url": "https://mp.weixin.qq.com/s/Z7fh1jXfnEBSlf5Lyd6WdQ"}, {"name": "\u6cb3\u5357\u7701\u90d1\u5dde\u5e02\u91d1\u6c34\u533a\u5065\u5eb7\u8def176\u53f7\u9662", "value": [113.67023788521871, 34.7796891834496], "release_date": "", "source": "\u90d1\u5dde\u53d1\u5e03", "url": "https://mp.weixin.qq.com/s/PkVzl_Tn-QDsOaDcsF0lcQ"}, {"name": "\u6cb3\u5357\u7701\u90d1\u5dde\u5e02\u91d1\u6c34\u533a\u5317\u6797\u8def\u529e\u4e8b\u5904\u82b1\u56ed\u65b0\u6751", "value": [113.69075276231328, 34.80693975798189], "release_date": "", "source": "\u90d1\u5dde\u53d1\u5e03", "url": "https://mp.weixin.qq.com/s/PkVzl_Tn-QDsOaDcsF0lcQ"}, {"name": "\u6cb3\u5357\u7701\u90d1\u5dde\u5e02\u91d1\u6c34\u533a\u7eac\u4e94\u8def10\u53f7\u9662", "value": [113.69623037111941, 34.77765188907297], "release_date": "", "source": "\u90d1\u5dde\u53d1\u5e03", "url": "https://mp.weixin.qq.com/s/Z7fh1jXfnEBSlf5Lyd6WdQ"}, {"name": "\u6cb3\u5357\u7701\u90d1\u5dde\u5e02\u91d1\u6c34\u533a\u4e09\u5168\u8def\u4e1c\u5cb8\u5c1a\u666f", "value": [113.67013589826519, 34.83391810083219], "release_date": "", "source": "\u90d1\u5dde\u53d1\u5e03", "url": "https://mp.weixin.qq.com/s/HwK7ddh7uUoq3_rSmk5G9w"}, {"name": "\u6cb3\u5357\u7701\u90d1\u5dde\u5e02\u91d1\u6c34\u533a\u4e30\u5e86\u8def\u666e\u7f57\u65fa\u4e16", "value": [113.64185302892714, 34.82848359398135], "release_date": "", "source": "\u90d1\u5dde\u53d1\u5e03", "url": "https://mp.weixin.qq.com/s/HwK7ddh7uUoq3_rSmk5G9w"}, {"name": "\u6cb3\u5357\u7701\u90d1\u5dde\u5e02\u91d1\u6c34\u533a\u4e30\u4e50\u8def\u5927\u6865\u5c40\u4e00\u516c\u53f8\u5bb6\u5c5e\u9662", "value": [113.648342379552, 34.7994090671071], "release_date": "", "source": "\u90d1\u5dde\u53d1\u5e03", "url": "https://mp.weixin.qq.com/s/Z7fh1jXfnEBSlf5Lyd6WdQ"}, {"name": "\u6cb3\u5357\u7701\u90d1\u5dde\u5e02\u91d1\u6c34\u533a\u4e30\u5e86\u8def\u529e\u4e8b\u5904\u701a\u5b87\u5929\u60a6", "value": [113.65765732215222, 34.85015607441424], "release_date": "", "source": "\u90d1\u5dde\u53d1\u5e03", "url": "https://mp.weixin.qq.com/s/weRRQt_932WuHbuikWI8og"}, {"name": "\u6cb3\u5357\u7701\u90d1\u5dde\u5e02\u91d1\u6c34\u533a\u82b1\u56ed\u8def\u671d\u9633\u8def15\u53f7\u9662", "value": [113.69468834875762, 34.806279166363375], "release_date": "", "source": "\u90d1\u5dde\u53d1\u5e03", "url": "https://mp.weixin.qq.com/s/uuvNa86a54DG1V78G3-QSw"}, {"name": "\u6cb3\u5357\u7701\u90d1\u5dde\u5e02\u91d1\u6c34\u533a\u4e1c\u98ce\u8def\u84dd\u5821\u6e7e", "value": [113.67949336881732, 34.802065806935076], "release_date": "", "source": "\u90d1\u5dde\u53d1\u5e03", "url": "https://mp.weixin.qq.com/s/Z7fh1jXfnEBSlf5Lyd6WdQ"}, {"name": "\u6cb3\u5357\u7701\u90d1\u5dde\u5e02\u91d1\u6c34\u533a\u5357\u9633\u65b0\u6751\u6c99\u53e3\u8def\u5916\u8d38\u5c0f\u533a", "value": [113.63213194047677, 34.797408299177995], "release_date": "", "source": "\u90d1\u5dde\u53d1\u5e03", "url": "https://mp.weixin.qq.com/s/8bfD3eouYKolGTU-gYvEMg"}, {"name": "\u6cb3\u5357\u7701\u90d1\u5dde\u5e02\u91d1\u6c34\u533a\u4e09\u5168\u8def\u96c5\u9882\u5357\u533a", "value": [113.66455411782154, 34.835485886238665], "release_date": "", "source": "\u90d1\u5dde\u53d1\u5e03", "url": "https://mp.weixin.qq.com/s/x7BxzPzfTxutD4WKvho7DA"}, {"name": "\u6cb3\u5357\u7701\u90d1\u5dde\u5e02\u91d1\u6c34\u533a\u6587\u535a\u4e1c\u8def29\u53f7\u9662", "value": [113.6799345459602, 34.798714045062596], "release_date": "", "source": "\u90d1\u5dde\u53d1\u5e03", "url": "https://mp.weixin.qq.com/s/R8WJmEGI7Gu5zVnKa6389w"}, {"name": "\u6cb3\u5357\u7701\u90d1\u5dde\u5e02\u91d1\u6c34\u533a\u6c99\u53e3\u8def\u6b63\u5546\u6052\u94bb", "value": [113.63695698583571, 34.79182608450594], "release_date": "", "source": "\u90d1\u5dde\u53d1\u5e03", "url": "https://mp.weixin.qq.com/s/R8WJmEGI7Gu5zVnKa6389w"}, {"name": "\u6cb3\u5357\u7701\u90d1\u5dde\u5e02\u91d1\u6c34\u533a\u946b\u82d1\u8def\u946b\u82d1\u540d\u5bb6", "value": [113.70829782036118, 34.80147697067042], "release_date": "", "source": "\u90d1\u5dde\u53d1\u5e03", "url": "https://mp.weixin.qq.com/s/uuvNa86a54DG1V78G3-QSw"}, {"name": "\u6cb3\u5357\u7701\u90d1\u5dde\u5e02\u91d1\u6c34\u533a\u4e30\u4ea7\u8def\u529e\u4e8b\u5904\u91d1\u6210\u65f6\u4ee3\u5c0f\u533a", "value": [113.66551315289686, 34.794011012451264], "release_date": "", "source": "\u90d1\u5dde\u53d1\u5e03", "url": "https://mp.weixin.qq.com/s/csb4-s8a7M-wjsVQm6d5mg"}, {"name": "\u6cb3\u5357\u7701\u90d1\u5dde\u5e02\u91d1\u6c34\u533a\u6768\u91d1\u8def\u529e\u4e8b\u5904\u65b0\u5e84\u5bb6\u56ed", "value": [113.7295560213827, 34.85344240483016], "release_date": "", "source": "\u90d1\u5dde\u53d1\u5e03", "url": "https://mp.weixin.qq.com/s/YwOn4TpK9M0G8O92VcEwbA"}, {"name": "\u6cb3\u5357\u7701\u90d1\u5dde\u5e02\u91d1\u6c34\u533a\u4e30\u5e86\u8def\u529e\u4e8b\u5904\u4e09\u5168\u8def\u4e1c\u5cb8\u5c1a\u666f", "value": [113.6553558468729, 34.83638021138481], "release_date": "20200212", "source": "\u90d1\u5dde\u53d1\u5e03", "url": "https://mp.weixin.qq.com/s/hp0bejmVscQfceAkMqCw5Q"}, {"name": "\u6cb3\u5357\u7701\u90d1\u5dde\u5e02\u91d1\u6c34\u533a\u6587\u5316\u8def\u529e\u4e8b\u5904\u6587\u535a\u4e1c\u8def29\u53f7\u9662", "value": [113.6799345459602, 34.798714045062596], "release_date": "20200214", "source": "\u90d1\u5dde\u53d1\u5e03", "url": "https://mp.weixin.qq.com/s/HmsSvYbuodgdrfoqCa2aEw"}, {"name": "\u6cb3\u5357\u7701\u90d1\u5dde\u5e02\u91d1\u6c34\u533a\u51e4\u51f0\u53f0\u529e\u4e8b\u5904\u4e2d\u5dde\u9526\u7ee3\u82b1\u56ed", "value": [113.73231464512264, 34.76324109257899], "release_date": "20200218", "source": "\u90d1\u5dde\u53d1\u5e03", "url": "https://mp.weixin.qq.com/s/u8gVpLBcLqB1lS0m4qbjXA"}, {"name": "\u6cb3\u5357\u7701\u90d1\u5dde\u5e02\u4e2d\u725f\u53bf\u5e7f\u60e0\u8857\u529e\u4e8b\u5904\u5df4\u9ece\u5370\u8c61\u5c0f\u533a", "value": [113.97009825335518, 34.725572763625614], "release_date": "", "source": "\u90d1\u5dde\u53d1\u5e03", "url": "https://mp.weixin.qq.com/s/weRRQt_932WuHbuikWI8og"}, {"name": "\u6cb3\u5357\u7701\u90d1\u5dde\u5e02\u7ecf\u5f00\u533a\u660e\u6e56\u529e\u4e8b\u5904\u6052\u5927\u7eff\u6d32", "value": [113.76934782664631, 34.720182994376266], "release_date": "", "source": "\u90d1\u5dde\u53d1\u5e03", "url": "https://mp.weixin.qq.com/s/8bfD3eouYKolGTU-gYvEMg"}, {"name": "\u6cb3\u5357\u7701\u90d1\u5dde\u5e02\u7ecf\u5f00\u533a\u524d\u7a0b\u529e\u4e8b\u5904\u9526\u7a0b\u82b1\u56ed", "value": [113.89358315714261, 34.714544730094836], "release_date": "20200221", "source": "\u90d1\u5dde\u53d1\u5e03", "url": "https://mp.weixin.qq.com/s/u8gVpLBcLqB1lS0m4qbjXA"}, {"name": "\u6cb3\u5357\u7701\u90d1\u5dde\u5e02\u822a\u7a7a\u6e2f\u533a\u5f20\u5e84\u529e\u4e8b\u5904", "value": [113.8968687054745, 34.57373399502669], "release_date": "", "source": "\u90d1\u5dde\u53d1\u5e03", "url": "https://mp.weixin.qq.com/s/8bfD3eouYKolGTU-gYvEMg"}, {"name": "\u6cb3\u5357\u7701\u90d1\u5dde\u5e02\u9ad8\u65b0\u533a\u68a7\u6850\u8857\u777f\u667a\u82b1\u56ed", "value": [113.56374717549535, 34.80152305181171], "release_date": "", "source": "\u90d1\u5dde\u53d1\u5e03", "url": "https://mp.weixin.qq.com/s/2eetMzexBe2YuUkqLZatlQ"}]