[{"name": "\u9a7b\u9a6c\u5e97\u5e02\u9a7f\u57ce\u533a\u83dc\u56ed\u885728\u53f7", "value": ["114.02648", "32.98339"], "source": "\u9a7b\u9a6c\u5e97\u536b\u5065\u59d4", "url": "https://mp.weixin.qq.com/s/If2ZAfv4yX3UvmPdmzYBmg"}, {"name": "\u9a7b\u9a6c\u5e97\u5e02\u9a7f\u57ce\u533a\u6a61\u6797\u529e\u4e8b\u5904\u738b\u697c\u6751", "value": ["114.001185", "32.971227"], "source": "\u9a7b\u9a6c\u5e97\u536b\u5065\u59d4", "url": "https://mp.weixin.qq.com/s/If2ZAfv4yX3UvmPdmzYBmg"}, {"name": "\u9a7b\u9a6c\u5e97\u5e02\u897f\u5e73\u53bf\u4e1c\u5173\u5c0f\u533a\u5357\u697c", "value": ["114.020584", "33.004890"], "source": "\u9a7b\u9a6c\u5e97\u536b\u5065\u59d4", "url": "https://mp.weixin.qq.com/s/tD-RqqLqZlQAebQfyXdMJg"}, {"name": "\u9a7b\u9a6c\u5e97\u5e02\u9a7f\u57ce\u533a\u9a7f\u57ce\u533a\u65b0\u65f6\u4ee3\u82b1\u56ed", "value": ["114.062611", "32.988073"], "source": "\u6cb3\u5357\u65e5\u62a5", "url": "https://mp.weixin.qq.com/s/7o3x1SBl0Qpfe4iX0kBLUQ"}, {"name": "\u9a7b\u9a6c\u5e97\u5e02\u9a7f\u57ce\u533a\u660e\u73e0\u6e2f\u6e7e\u5c0f\u533a", "value": ["113.995278", "33.00841"], "source": "\u9a7b\u9a6c\u5e97\u536b\u5065\u59d4", "url": "https://mp.weixin.qq.com/s/If2ZAfv4yX3UvmPdmzYBmg"}, {"name": "\u9a7b\u9a6c\u5e97\u5e02\u9a7f\u57ce\u533a\u5929\u4e2d\u7b2c\u4e00\u57ce", "value": ["114.008032", "33.018505"], "source": "\u9a7b\u9a6c\u5e97\u536b\u5065\u59d4", "url": "https://mp.weixin.qq.com/s/If2ZAfv4yX3UvmPdmzYBmg"}, {"name": "\u9a7b\u9a6c\u5e97\u5e02\u786e\u5c71\u53bf\u4e09\u91cc\u6cb3\u8857\u9053\u76db\u4e16\u534e\u5ead2\u53f7\u697c", "value": ["114.028359", "32.817477"], "source": "\u9a7b\u9a6c\u5e97\u5e7f\u64ad\u7535\u89c6\u53f0", "url": "https://mp.weixin.qq.com/s/sFU9ERCbQJLPt7IBWjEU0w"}, {"name": "\u9a7b\u9a6c\u5e97\u5e02\u786e\u5c71\u53bf\u786e\u5c71\u53bf\u76d8\u9f99\u8857\u9053\u548c\u5e73\u8857\u73af\u57ce\u5357\u8def", "value": ["114.017581", "32.798564"], "source": "\u6cb3\u5357\u65e5\u62a5", "url": "https://mp.weixin.qq.com/s/7o3x1SBl0Qpfe4iX0kBLUQ"}, {"name": "\u9a7b\u9a6c\u5e97\u5e02\u786e\u5c71\u53bf\u53cc\u6cb3\u9547\u738b\u5802\u6751\u5927\u674e\u5e84\u7ec4", "value": ["113.712121", "32.977305"], "source": "\u9a7b\u9a6c\u5e97\u536b\u5065\u59d4", "url": "https://mp.weixin.qq.com/s/tD-RqqLqZlQAebQfyXdMJg"}, {"name": "\u9a7b\u9a6c\u5e97\u5e02\u6c5d\u5357\u53bf\u6c5d\u5357\u53bf\u548c\u5b5d\u9547\u548c\u4e09\u6865\u9547\u91ce\u732a\u5c97\u6751", "value": ["114.317698", "32.871691"], "source": "\u6cb3\u5357\u65e5\u62a5", "url": "https://mp.weixin.qq.com/s/7o3x1SBl0Qpfe4iX0kBLUQ"}, {"name": "\u9a7b\u9a6c\u5e97\u5e02\u4e0a\u8521\u53bf\u4e0a\u8521\u53bf\u65e0\u91cf\u5bfa\u4e61\u5830\u5357\u6751\u674e\u7530\u5e8431\u53f7", "value": ["114.115773", "33.248120"], "source": "\u6cb3\u5357\u65e5\u62a5", "url": "https://mp.weixin.qq.com/s/7o3x1SBl0Qpfe4iX0kBLUQ"}, {"name": "\u9a7b\u9a6c\u5e97\u5e02\u6c5d\u5357\u53bf\u6c5d\u5357\u53bf\u677f\u5e97\u4e61\u67f4\u5e84\u6751\u82b1\u5f20\u5e84", "value": ["114.386235", "33.039932"], "source": "\u6cb3\u5357\u65e5\u62a5", "url": "https://mp.weixin.qq.com/s/7o3x1SBl0Qpfe4iX0kBLUQ"}, {"name": "\u9a7b\u9a6c\u5e97\u5e02\u4e0a\u8521\u53bf\u4e0a\u8521\u53bf\u8521\u90fd\u8857\u9053\u5efa\u5b89\u5c0f\u533a301\u53f7", "value": ["114.270334", "33.278744"], "source": "\u6cb3\u5357\u65e5\u62a5", "url": "https://mp.weixin.qq.com/s/7o3x1SBl0Qpfe4iX0kBLUQ"}, {"name": "\u9a7b\u9a6c\u5e97\u5e02\u897f\u5e73\u53bf\u67cf\u57ce\u9547\u68e0\u6eaa\u5927\u9053\u767e\u82b1\u6751", "value": ["114.017233", "33.372983"], "source": "\u9a7b\u9a6c\u5e97\u536b\u5065\u59d4", "url": "https://mp.weixin.qq.com/s/tD-RqqLqZlQAebQfyXdMJg"}, {"name": "\u9a7b\u9a6c\u5e97\u5e02\u897f\u5e73\u53bf\u6d2a\u6cb3\u65b0\u57ce", "value": ["114.003921", "33.386511"], "source": "\u6cb3\u5357\u5171\u9752\u56e2", "url": "https://mp.weixin.qq.com/s/x3XYj6vSi7lnxLaz6YILAQ"}, {"name": "\u9a7b\u9a6c\u5e97\u5e02\u6b63\u9633\u53bf\u4ed8\u5be8\u4e61\u4f0d\u5e84\u6751\u53f6\u5c97", "value": ["114.468982", "32.767035"], "source": "\u6cb3\u5357\u5171\u9752\u56e2", "url": "https://mp.weixin.qq.com/s/x3XYj6vSi7lnxLaz6YILAQ"}, {"name": "\u9a7b\u9a6c\u5e97\u5e02\u6b63\u9633\u53bf\u614e\u6c34\u4e61\u5218\u5e84\u6751\u9648\u5e84\u7ec4", "value": ["114.393710", "32.644001"], "source": "\u6cb3\u5357\u5171\u9752\u56e2", "url": "https://mp.weixin.qq.com/s/x3XYj6vSi7lnxLaz6YILAQ"}, {"name": "\u9a7b\u9a6c\u5e97\u5e02\u786e\u5c71\u53bf\u53cc\u6cb3\u9547\u6768\u5e97\u6751", "value": ["114.182727", "32.513544"], "source": "\u9a7b\u9a6c\u5e97\u536b\u5065\u59d4", "url": "https://mp.weixin.qq.com/s/If2ZAfv4yX3UvmPdmzYBmg"}, {"name": "\u9a7b\u9a6c\u5e97\u5e02\u6b63\u9633\u53bf\u96f7\u5be8\u4e61\u7518\u697c\u6751\u7518\u56ed\u5b50", "value": ["114.670038", "32.603916"], "source": "\u6cb3\u5357\u5171\u9752\u56e2", "url": "https://mp.weixin.qq.com/s/x3XYj6vSi7lnxLaz6YILAQ"}]